{"data":[{"GPOChanges":{"LocalAdmins":[],"RemoteDesktopUsers":[],"DcomUsers":[],"PSRemoteUsers":[],"AffectedComputers":[]},"Properties":{"domain":"CODER.HTB","name":"DEVELOPMENT@CODER.HTB","distinguishedname":"OU=DEVELOPMENT,DC=CODER,DC=HTB","domainsid":"S-1-5-21-2608251805-3526430372-1546376444","doesanyacegrantownerrights":false,"doesanyinheritedacegrantownerrights":false,"isaclprotected":false,"whencreated":1656597569,"blocksinheritance":false},"Links":[],"ChildObjects":[],"InheritanceHashes":[],"Aces":[{"PrincipalSID":"S-1-5-21-2608251805-3526430372-1546376444-512","PrincipalType":"Group","RightName":"Owns","IsInherited":false,"InheritanceHash":""},{"PrincipalSID":"S-1-5-21-2608251805-3526430372-1546376444-512","PrincipalType":"Group","RightName":"GenericAll","IsInherited":false,"InheritanceHash":""},{"PrincipalSID":"S-1-5-21-2608251805-3526430372-1546376444-519","PrincipalType":"Group","RightName":"GenericAll","IsInherited":true,"InheritanceHash":"2FEB70C77C3DAD38940BCED1ED17383B13A6B43B"},{"PrincipalSID":"CODER.HTB-S-1-5-32-544","PrincipalType":"Group","RightName":"WriteDacl","IsInherited":true,"InheritanceHash":"62C26D4FB3FF64505B03CDD35D648DFBC6C157CC"},{"PrincipalSID":"CODER.HTB-S-1-5-32-544","PrincipalType":"Group","RightName":"WriteOwner","IsInherited":true,"InheritanceHash":"62C26D4FB3FF64505B03CDD35D648DFBC6C157CC"},{"PrincipalSID":"CODER.HTB-S-1-5-32-544","PrincipalType":"Group","RightName":"GenericWrite","IsInherited":true,"InheritanceHash":"62C26D4FB3FF64505B03CDD35D648DFBC6C157CC"}],"ObjectIdentifier":"A2678CF8-6480-4B78-B9CE-8842DFEA0E82","IsDeleted":false,"IsACLProtected":false,"ContainedBy":{"ObjectIdentifier":"S-1-5-21-2608251805-3526430372-1546376444","ObjectType":"Domain"}},{"GPOChanges":{"LocalAdmins":[],"RemoteDesktopUsers":[],"DcomUsers":[],"PSRemoteUsers":[],"AffectedComputers":[]},"Properties":{"domain":"CODER.HTB","name":"GROUPS@CODER.HTB","distinguishedname":"OU=GROUPS,OU=DEVELOPMENT,DC=CODER,DC=HTB","domainsid":"S-1-5-21-2608251805-3526430372-1546376444","doesanyacegrantownerrights":false,"doesanyinheritedacegrantownerrights":false,"isaclprotected":false,"whencreated":1667969722,"blocksinheritance":false},"Links":[],"ChildObjects":[],"InheritanceHashes":[],"Aces":[{"PrincipalSID":"S-1-5-21-2608251805-3526430372-1546376444-512","PrincipalType":"Group","RightName":"Owns","IsInherited":false,"InheritanceHash":""},{"PrincipalSID":"S-1-5-21-2608251805-3526430372-1546376444-512","PrincipalType":"Group","RightName":"GenericAll","IsInherited":false,"InheritanceHash":""},{"PrincipalSID":"S-1-5-21-2608251805-3526430372-1546376444-519","PrincipalType":"Group","RightName":"GenericAll","IsInherited":true,"InheritanceHash":"2FEB70C77C3DAD38940BCED1ED17383B13A6B43B"},{"PrincipalSID":"CODER.HTB-S-1-5-32-544","PrincipalType":"Group","RightName":"WriteDacl","IsInherited":true,"InheritanceHash":"62C26D4FB3FF64505B03CDD35D648DFBC6C157CC"},{"PrincipalSID":"CODER.HTB-S-1-5-32-544","PrincipalType":"Group","RightName":"WriteOwner","IsInherited":true,"InheritanceHash":"62C26D4FB3FF64505B03CDD35D648DFBC6C157CC"},{"PrincipalSID":"CODER.HTB-S-1-5-32-544","PrincipalType":"Group","RightName":"GenericWrite","IsInherited":true,"InheritanceHash":"62C26D4FB3FF64505B03CDD35D648DFBC6C157CC"}],"ObjectIdentifier":"0FD537EC-74DE-4A32-B905-1230F2EB5260","IsDeleted":false,"IsACLProtected":false,"ContainedBy":{"ObjectIdentifier":"A2678CF8-6480-4B78-B9CE-8842DFEA0E82","ObjectType":"OU"}},{"GPOChanges":{"LocalAdmins":[],"RemoteDesktopUsers":[],"DcomUsers":[],"PSRemoteUsers":[],"AffectedComputers":[]},"Properties":{"domain":"CODER.HTB","name":"USERS@CODER.HTB","distinguishedname":"OU=USERS,OU=DEVELOPMENT,DC=CODER,DC=HTB","domainsid":"S-1-5-21-2608251805-3526430372-1546376444","doesanyacegrantownerrights":false,"doesanyinheritedacegrantownerrights":false,"isaclprotected":false,"whencreated":1667969728,"blocksinheritance":false},"Links":[],"ChildObjects":[],"InheritanceHashes":[],"Aces":[{"PrincipalSID":"S-1-5-21-2608251805-3526430372-1546376444-512","PrincipalType":"Group","RightName":"Owns","IsInherited":false,"InheritanceHash":""},{"PrincipalSID":"S-1-5-21-2608251805-3526430372-1546376444-512","PrincipalType":"Group","RightName":"GenericAll","IsInherited":false,"InheritanceHash":""},{"PrincipalSID":"S-1-5-21-2608251805-3526430372-1546376444-519","PrincipalType":"Group","RightName":"GenericAll","IsInherited":true,"InheritanceHash":"2FEB70C77C3DAD38940BCED1ED17383B13A6B43B"},{"PrincipalSID":"CODER.HTB-S-1-5-32-544","PrincipalType":"Group","RightName":"WriteDacl","IsInherited":true,"InheritanceHash":"62C26D4FB3FF64505B03CDD35D648DFBC6C157CC"},{"PrincipalSID":"CODER.HTB-S-1-5-32-544","PrincipalType":"Group","RightName":"WriteOwner","IsInherited":true,"InheritanceHash":"62C26D4FB3FF64505B03CDD35D648DFBC6C157CC"},{"PrincipalSID":"CODER.HTB-S-1-5-32-544","PrincipalType":"Group","RightName":"GenericWrite","IsInherited":true,"InheritanceHash":"62C26D4FB3FF64505B03CDD35D648DFBC6C157CC"}],"ObjectIdentifier":"A208B479-BBC1-4EEC-99ED-95E42BAEBC2D","IsDeleted":false,"IsACLProtected":false,"ContainedBy":{"ObjectIdentifier":"A2678CF8-6480-4B78-B9CE-8842DFEA0E82","ObjectType":"OU"}},{"GPOChanges":{"LocalAdmins":[],"RemoteDesktopUsers":[],"DcomUsers":[],"PSRemoteUsers":[],"AffectedComputers":[]},"Properties":{"domain":"CODER.HTB","name":"BUILDAGENTS@CODER.HTB","distinguishedname":"OU=BUILDAGENTS,OU=DEVELOPMENT,DC=CODER,DC=HTB","domainsid":"S-1-5-21-2608251805-3526430372-1546376444","doesanyacegrantownerrights":false,"doesanyinheritedacegrantownerrights":false,"isaclprotected":false,"whencreated":1667969735,"blocksinheritance":false},"Links":[],"ChildObjects":[],"InheritanceHashes":["6D1445F2FE458FC13CEB5483EB8788E0289B1E94","7764E3C00BB98FA819EE7CF8856BB55592D56489"],"Aces":[{"PrincipalSID":"S-1-5-21-2608251805-3526430372-1546376444-512","PrincipalType":"Group","RightName":"Owns","IsInherited":false,"InheritanceHash":""},{"PrincipalSID":"S-1-5-21-2608251805-3526430372-1546376444-512","PrincipalType":"Group","RightName":"GenericAll","IsInherited":false,"InheritanceHash":""},{"PrincipalSID":"S-1-5-21-2608251805-3526430372-1546376444-519","PrincipalType":"Group","RightName":"GenericAll","IsInherited":true,"InheritanceHash":"2FEB70C77C3DAD38940BCED1ED17383B13A6B43B"},{"PrincipalSID":"CODER.HTB-S-1-5-32-544","PrincipalType":"Group","RightName":"WriteDacl","IsInherited":true,"InheritanceHash":"62C26D4FB3FF64505B03CDD35D648DFBC6C157CC"},{"PrincipalSID":"CODER.HTB-S-1-5-32-544","PrincipalType":"Group","RightName":"WriteOwner","IsInherited":true,"InheritanceHash":"62C26D4FB3FF64505B03CDD35D648DFBC6C157CC"},{"PrincipalSID":"CODER.HTB-S-1-5-32-544","PrincipalType":"Group","RightName":"GenericWrite","IsInherited":true,"InheritanceHash":"62C26D4FB3FF64505B03CDD35D648DFBC6C157CC"}],"ObjectIdentifier":"536E09D9-C37E-40A6-A3AB-82B9E083FD3E","IsDeleted":false,"IsACLProtected":false,"ContainedBy":{"ObjectIdentifier":"A2678CF8-6480-4B78-B9CE-8842DFEA0E82","ObjectType":"OU"}},{"GPOChanges":{"LocalAdmins":[],"RemoteDesktopUsers":[],"DcomUsers":[],"PSRemoteUsers":[],"AffectedComputers":[{"ObjectIdentifier":"S-1-5-21-2608251805-3526430372-1546376444-1000","ObjectType":"Computer"}]},"Properties":{"domain":"CODER.HTB","name":"DOMAIN CONTROLLERS@CODER.HTB","distinguishedname":"OU=DOMAIN CONTROLLERS,DC=CODER,DC=HTB","domainsid":"S-1-5-21-2608251805-3526430372-1546376444","doesanyacegrantownerrights":false,"doesanyinheritedacegrantownerrights":false,"isaclprotected":false,"description":"Default container for domain controllers","whencreated":1656474633,"blocksinheritance":false},"Links":[{"IsEnforced":false,"GUID":"8B6A699E-4FA0-4B47-8234-EB70AF98BFD7"}],"ChildObjects":[],"InheritanceHashes":[],"Aces":[{"PrincipalSID":"S-1-5-21-2608251805-3526430372-1546376444-512","PrincipalType":"Group","RightName":"Owns","IsInherited":false,"InheritanceHash":""},{"PrincipalSID":"S-1-5-21-2608251805-3526430372-1546376444-512","PrincipalType":"Group","RightName":"WriteDacl","IsInherited":false,"InheritanceHash":""},{"PrincipalSID":"S-1-5-21-2608251805-3526430372-1546376444-512","PrincipalType":"Group","RightName":"WriteOwner","IsInherited":false,"InheritanceHash":""},{"PrincipalSID":"S-1-5-21-2608251805-3526430372-1546376444-512","PrincipalType":"Group","RightName":"GenericWrite","IsInherited":false,"InheritanceHash":""},{"PrincipalSID":"S-1-5-21-2608251805-3526430372-1546376444-519","PrincipalType":"Group","RightName":"GenericAll","IsInherited":true,"InheritanceHash":"2FEB70C77C3DAD38940BCED1ED17383B13A6B43B"},{"PrincipalSID":"CODER.HTB-S-1-5-32-544","PrincipalType":"Group","RightName":"WriteDacl","IsInherited":true,"InheritanceHash":"62C26D4FB3FF64505B03CDD35D648DFBC6C157CC"},{"PrincipalSID":"CODER.HTB-S-1-5-32-544","PrincipalType":"Group","RightName":"WriteOwner","IsInherited":true,"InheritanceHash":"62C26D4FB3FF64505B03CDD35D648DFBC6C157CC"},{"PrincipalSID":"CODER.HTB-S-1-5-32-544","PrincipalType":"Group","RightName":"GenericWrite","IsInherited":true,"InheritanceHash":"62C26D4FB3FF64505B03CDD35D648DFBC6C157CC"}],"ObjectIdentifier":"46663225-A35C-4B61-B140-5220DBE9DA73","IsDeleted":false,"IsACLProtected":false,"ContainedBy":{"ObjectIdentifier":"S-1-5-21-2608251805-3526430372-1546376444","ObjectType":"Domain"}}],"meta":{"methods":15725567,"type":"ous","count":5,"version":6,"collectorversion":"2.6.6.0"}}