{"data":[{"GPOChanges":{"LocalAdmins":[],"RemoteDesktopUsers":[],"DcomUsers":[],"PSRemoteUsers":[],"AffectedComputers":[{"ObjectIdentifier":"S-1-5-21-2608251805-3526430372-1546376444-1000","ObjectType":"Computer"}]},"Properties":{"domain":"CODER.HTB","name":"CODER.HTB","distinguishedname":"DC=CODER,DC=HTB","domainsid":"S-1-5-21-2608251805-3526430372-1546376444","doesanyacegrantownerrights":false,"doesanyinheritedacegrantownerrights":false,"isaclprotected":false,"whencreated":1656474627,"expirepasswordsonsmartcardonlyaccounts":true,"machineaccountquota":0,"minpwdlength":7,"pwdproperties":1,"pwdhistorylength":24,"lockoutthreshold":0,"minpwdage":"1 day","maxpwdage":"42 days","lockoutduration":"30 minutes","lockoutobservationwindow":-18000000000,"functionallevel":"2016","dsheuristics":null,"collected":true},"ChildObjects":[],"Trusts":[],"Links":[{"IsEnforced":false,"GUID":"A59CC5DA-5E82-4DA3-AF72-B7AC69F9C2F2"}],"InheritanceHashes":["62C26D4FB3FF64505B03CDD35D648DFBC6C157CC","8A7E70B9447D3D266713CC63539109610AAA6F86","2FEB70C77C3DAD38940BCED1ED17383B13A6B43B","3394B12047D813D8E785125F70F036295659396E","C8CE4AAA5C895484A901F72D613EFA95438BFA1A","82F1118FBA43CD2991735436A4256B6401296391","79E657916A6257A3890516F4B5C5749385CE5F20","59E396EE9D1563738E09F4AFF5AD9F6A2B49ED81","3DE3D31BBEDBB149C22B91C4D5D825C27516FC5F","1E2C5E5D6036945B25A0266659639802036FDAE6","EE7C62BD0BDA67AA9375734AD13D1B6CC290585E","195BDF5C18EF348D1E32B3776E15256C3BE6D538","8C74E47810A59795113F55CA35B1B0DBD66C3F83","071E9D07A61B031233EB2CB44ABC2363AA4BA22F","743D89658154E650805272325F934263D6151DED","8F98BE23EF0F9767559FBEAB131B2C5A4BEBD3D6","DD535FBD6F04B9160C8671CC680E942E29CB9B0E","82CDB193747C1F5C2D0BE388A2B7581B8224D361","B6558A8F4A0E7763D7A4B70E4EDA03989DA879C1","62BF72BF7BD0E64836E1A33CF75DE69CB906AC91","792CA9DE3FE5145DDFFC471F5D71AE0D39458B8B"],"ForestRootIdentifier":"S-1-5-21-2608251805-3526430372-1546376444","Aces":[{"PrincipalSID":"CODER.HTB-S-1-5-32-544","PrincipalType":"Group","RightName":"Owns","IsInherited":false,"InheritanceHash":""},{"PrincipalSID":"CODER.HTB-S-1-5-32-544","PrincipalType":"Group","RightName":"WriteDacl","IsInherited":false,"InheritanceHash":""},{"PrincipalSID":"CODER.HTB-S-1-5-32-544","PrincipalType":"Group","RightName":"WriteOwner","IsInherited":false,"InheritanceHash":""},{"PrincipalSID":"CODER.HTB-S-1-5-32-544","PrincipalType":"Group","RightName":"AllExtendedRights","IsInherited":false,"InheritanceHash":""},{"PrincipalSID":"CODER.HTB-S-1-5-32-544","PrincipalType":"Group","RightName":"GenericWrite","IsInherited":false,"InheritanceHash":""},{"PrincipalSID":"S-1-5-21-2608251805-3526430372-1546376444-512","PrincipalType":"Group","RightName":"WriteDacl","IsInherited":false,"InheritanceHash":""},{"PrincipalSID":"S-1-5-21-2608251805-3526430372-1546376444-512","PrincipalType":"Group","RightName":"WriteOwner","IsInherited":false,"InheritanceHash":""},{"PrincipalSID":"S-1-5-21-2608251805-3526430372-1546376444-512","PrincipalType":"Group","RightName":"AllExtendedRights","IsInherited":false,"InheritanceHash":""},{"PrincipalSID":"S-1-5-21-2608251805-3526430372-1546376444-512","PrincipalType":"Group","RightName":"GenericWrite","IsInherited":false,"InheritanceHash":""},{"PrincipalSID":"S-1-5-21-2608251805-3526430372-1546376444-519","PrincipalType":"Group","RightName":"GenericAll","IsInherited":false,"InheritanceHash":""},{"PrincipalSID":"CODER.HTB-S-1-5-9","PrincipalType":"Group","RightName":"GetChanges","IsInherited":false,"InheritanceHash":""},{"PrincipalSID":"CODER.HTB-S-1-5-9","PrincipalType":"Group","RightName":"GetChangesInFilteredSet","IsInherited":false,"InheritanceHash":""},{"PrincipalSID":"CODER.HTB-S-1-5-32-544","PrincipalType":"Group","RightName":"GetChangesAll","IsInherited":false,"InheritanceHash":""},{"PrincipalSID":"CODER.HTB-S-1-5-32-544","PrincipalType":"Group","RightName":"GetChanges","IsInherited":false,"InheritanceHash":""},{"PrincipalSID":"CODER.HTB-S-1-5-32-544","PrincipalType":"Group","RightName":"GetChangesInFilteredSet","IsInherited":false,"InheritanceHash":""},{"PrincipalSID":"S-1-5-21-2608251805-3526430372-1546376444-498","PrincipalType":"Group","RightName":"GetChanges","IsInherited":false,"InheritanceHash":""},{"PrincipalSID":"S-1-5-21-2608251805-3526430372-1546376444-516","PrincipalType":"Group","RightName":"GetChangesAll","IsInherited":false,"InheritanceHash":""}],"ObjectIdentifier":"S-1-5-21-2608251805-3526430372-1546376444","IsDeleted":false,"IsACLProtected":false,"ContainedBy":null}],"meta":{"methods":15725567,"type":"domains","count":1,"version":6,"collectorversion":"2.6.6.0"}}