{"data":[{"Properties":{"domain":"CODER.HTB","name":"DEFAULT DOMAIN POLICY@CODER.HTB","distinguishedname":"CN={31B2F340-016D-11D2-945F-00C04FB984F9},CN=POLICIES,CN=SYSTEM,DC=CODER,DC=HTB","domainsid":"S-1-5-21-2608251805-3526430372-1546376444","doesanyacegrantownerrights":false,"doesanyinheritedacegrantownerrights":false,"isaclprotected":true,"whencreated":1656474632,"gpcpath":"\\\\CODER.HTB\\SYSVOL\\CODER.HTB\\POLICIES\\{31B2F340-016D-11D2-945F-00C04FB984F9}"},"Aces":[{"PrincipalSID":"S-1-5-21-2608251805-3526430372-1546376444-512","PrincipalType":"Group","RightName":"Owns","IsInherited":false,"InheritanceHash":""},{"PrincipalSID":"S-1-5-21-2608251805-3526430372-1546376444-512","PrincipalType":"Group","RightName":"WriteDacl","IsInherited":false,"InheritanceHash":""},{"PrincipalSID":"S-1-5-21-2608251805-3526430372-1546376444-512","PrincipalType":"Group","RightName":"WriteOwner","IsInherited":false,"InheritanceHash":""},{"PrincipalSID":"S-1-5-21-2608251805-3526430372-1546376444-512","PrincipalType":"Group","RightName":"GenericWrite","IsInherited":false,"InheritanceHash":""},{"PrincipalSID":"S-1-5-21-2608251805-3526430372-1546376444-512","PrincipalType":"Group","RightName":"WriteDacl","IsInherited":false,"InheritanceHash":""},{"PrincipalSID":"S-1-5-21-2608251805-3526430372-1546376444-512","PrincipalType":"Group","RightName":"WriteOwner","IsInherited":false,"InheritanceHash":""},{"PrincipalSID":"S-1-5-21-2608251805-3526430372-1546376444-512","PrincipalType":"Group","RightName":"GenericWrite","IsInherited":false,"InheritanceHash":""},{"PrincipalSID":"S-1-5-21-2608251805-3526430372-1546376444-519","PrincipalType":"Group","RightName":"WriteDacl","IsInherited":false,"InheritanceHash":""},{"PrincipalSID":"S-1-5-21-2608251805-3526430372-1546376444-519","PrincipalType":"Group","RightName":"WriteOwner","IsInherited":false,"InheritanceHash":""},{"PrincipalSID":"S-1-5-21-2608251805-3526430372-1546376444-519","PrincipalType":"Group","RightName":"GenericWrite","IsInherited":false,"InheritanceHash":""}],"ObjectIdentifier":"A59CC5DA-5E82-4DA3-AF72-B7AC69F9C2F2","IsDeleted":false,"IsACLProtected":true,"ContainedBy":null},{"Properties":{"domain":"CODER.HTB","name":"DEFAULT DOMAIN CONTROLLERS POLICY@CODER.HTB","distinguishedname":"CN={6AC1786C-016F-11D2-945F-00C04FB984F9},CN=POLICIES,CN=SYSTEM,DC=CODER,DC=HTB","domainsid":"S-1-5-21-2608251805-3526430372-1546376444","doesanyacegrantownerrights":false,"doesanyinheritedacegrantownerrights":false,"isaclprotected":true,"whencreated":1656474632,"gpcpath":"\\\\CODER.HTB\\SYSVOL\\CODER.HTB\\POLICIES\\{6AC1786C-016F-11D2-945F-00C04FB984F9}"},"Aces":[{"PrincipalSID":"S-1-5-21-2608251805-3526430372-1546376444-512","PrincipalType":"Group","RightName":"Owns","IsInherited":false,"InheritanceHash":""},{"PrincipalSID":"S-1-5-21-2608251805-3526430372-1546376444-512","PrincipalType":"Group","RightName":"WriteDacl","IsInherited":false,"InheritanceHash":""},{"PrincipalSID":"S-1-5-21-2608251805-3526430372-1546376444-512","PrincipalType":"Group","RightName":"WriteOwner","IsInherited":false,"InheritanceHash":""},{"PrincipalSID":"S-1-5-21-2608251805-3526430372-1546376444-512","PrincipalType":"Group","RightName":"GenericWrite","IsInherited":false,"InheritanceHash":""},{"PrincipalSID":"S-1-5-21-2608251805-3526430372-1546376444-512","PrincipalType":"Group","RightName":"WriteDacl","IsInherited":false,"InheritanceHash":""},{"PrincipalSID":"S-1-5-21-2608251805-3526430372-1546376444-512","PrincipalType":"Group","RightName":"WriteOwner","IsInherited":false,"InheritanceHash":""},{"PrincipalSID":"S-1-5-21-2608251805-3526430372-1546376444-512","PrincipalType":"Group","RightName":"GenericWrite","IsInherited":false,"InheritanceHash":""},{"PrincipalSID":"S-1-5-21-2608251805-3526430372-1546376444-519","PrincipalType":"Group","RightName":"WriteDacl","IsInherited":false,"InheritanceHash":""},{"PrincipalSID":"S-1-5-21-2608251805-3526430372-1546376444-519","PrincipalType":"Group","RightName":"WriteOwner","IsInherited":false,"InheritanceHash":""},{"PrincipalSID":"S-1-5-21-2608251805-3526430372-1546376444-519","PrincipalType":"Group","RightName":"GenericWrite","IsInherited":false,"InheritanceHash":""}],"ObjectIdentifier":"8B6A699E-4FA0-4B47-8234-EB70AF98BFD7","IsDeleted":false,"IsACLProtected":true,"ContainedBy":null},{"Properties":{"domain":"CODER.HTB","name":"TEAMCITY_AGENT@CODER.HTB","distinguishedname":"CN={361FCB11-D531-4AA2-AC3B-D8F5626546A8},CN=POLICIES,CN=SYSTEM,DC=CODER,DC=HTB","domainsid":"S-1-5-21-2608251805-3526430372-1546376444","doesanyacegrantownerrights":false,"doesanyinheritedacegrantownerrights":false,"isaclprotected":true,"whencreated":1667338676,"gpcpath":"\\\\CODER.HTB\\SYSVOL\\CODER.HTB\\POLICIES\\{361FCB11-D531-4AA2-AC3B-D8F5626546A8}"},"Aces":[{"PrincipalSID":"S-1-5-21-2608251805-3526430372-1546376444-512","PrincipalType":"Group","RightName":"Owns","IsInherited":false,"InheritanceHash":""},{"PrincipalSID":"S-1-5-21-2608251805-3526430372-1546376444-512","PrincipalType":"Group","RightName":"WriteDacl","IsInherited":false,"InheritanceHash":""},{"PrincipalSID":"S-1-5-21-2608251805-3526430372-1546376444-512","PrincipalType":"Group","RightName":"WriteOwner","IsInherited":false,"InheritanceHash":""},{"PrincipalSID":"S-1-5-21-2608251805-3526430372-1546376444-512","PrincipalType":"Group","RightName":"GenericWrite","IsInherited":false,"InheritanceHash":""},{"PrincipalSID":"S-1-5-21-2608251805-3526430372-1546376444-519","PrincipalType":"Group","RightName":"WriteDacl","IsInherited":false,"InheritanceHash":""},{"PrincipalSID":"S-1-5-21-2608251805-3526430372-1546376444-519","PrincipalType":"Group","RightName":"WriteOwner","IsInherited":false,"InheritanceHash":""},{"PrincipalSID":"S-1-5-21-2608251805-3526430372-1546376444-519","PrincipalType":"Group","RightName":"GenericWrite","IsInherited":false,"InheritanceHash":""}],"ObjectIdentifier":"5C3B465B-433F-47D6-B01E-07CBC359FE05","IsDeleted":false,"IsACLProtected":true,"ContainedBy":null}],"meta":{"methods":15725567,"type":"gpos","count":3,"version":6,"collectorversion":"2.6.6.0"}}