{"data":[{"Properties":{"domain":"CODER.HTB","name":"CODER-DC01-CA@CODER.HTB","distinguishedname":"CN=CODER-DC01-CA,CN=CERTIFICATION AUTHORITIES,CN=PUBLIC KEY SERVICES,CN=SERVICES,CN=CONFIGURATION,DC=CODER,DC=HTB","domainsid":"S-1-5-21-2608251805-3526430372-1546376444","doesanyacegrantownerrights":false,"doesanyinheritedacegrantownerrights":false,"isaclprotected":false,"whencreated":1656475304,"certthumbprint":"DB13E610D65712FE65E6B9BE612A3ADAD689525B","certname":"DB13E610D65712FE65E6B9BE612A3ADAD689525B","certchain":["DB13E610D65712FE65E6B9BE612A3ADAD689525B"],"hasbasicconstraints":false,"basicconstraintpathlength":0},"DomainSID":"S-1-5-21-2608251805-3526430372-1546376444","Aces":[{"PrincipalSID":"S-1-5-21-2608251805-3526430372-1546376444-519","PrincipalType":"Group","RightName":"Owns","IsInherited":false,"InheritanceHash":""},{"PrincipalSID":"CODER.HTB-S-1-5-32-544","PrincipalType":"Group","RightName":"GenericAll","IsInherited":false,"InheritanceHash":""},{"PrincipalSID":"S-1-5-21-2608251805-3526430372-1546376444-512","PrincipalType":"Group","RightName":"GenericAll","IsInherited":false,"InheritanceHash":""},{"PrincipalSID":"S-1-5-21-2608251805-3526430372-1546376444-517","PrincipalType":"Group","RightName":"GenericAll","IsInherited":false,"InheritanceHash":""},{"PrincipalSID":"S-1-5-21-2608251805-3526430372-1546376444-519","PrincipalType":"Group","RightName":"GenericAll","IsInherited":false,"InheritanceHash":""},{"PrincipalSID":"S-1-5-21-2608251805-3526430372-1546376444-519","PrincipalType":"Group","RightName":"GenericAll","IsInherited":true,"InheritanceHash":"2FEB70C77C3DAD38940BCED1ED17383B13A6B43B"},{"PrincipalSID":"S-1-5-21-2608251805-3526430372-1546376444-512","PrincipalType":"Group","RightName":"WriteDacl","IsInherited":true,"InheritanceHash":"DB98F8D2CF6010CDF3A60C95E02F6AA9D996656F"},{"PrincipalSID":"S-1-5-21-2608251805-3526430372-1546376444-512","PrincipalType":"Group","RightName":"WriteOwner","IsInherited":true,"InheritanceHash":"DB98F8D2CF6010CDF3A60C95E02F6AA9D996656F"},{"PrincipalSID":"S-1-5-21-2608251805-3526430372-1546376444-512","PrincipalType":"Group","RightName":"GenericWrite","IsInherited":true,"InheritanceHash":"DB98F8D2CF6010CDF3A60C95E02F6AA9D996656F"}],"ObjectIdentifier":"52470D72-A071-40E1-B80C-B4F87E658FA5","IsDeleted":false,"IsACLProtected":false,"ContainedBy":{"ObjectIdentifier":"D88BC1CD-1601-40CE-9FC9-D97C65B6E034","ObjectType":"Container"}}],"meta":{"methods":15725567,"type":"rootcas","count":1,"version":6,"collectorversion":"2.6.6.0"}}