{"data":[{"Properties":{"domain":"CODER.HTB","name":"CODER-DC01-CA@CODER.HTB","distinguishedname":"CN=CODER-DC01-CA,CN=ENROLLMENT SERVICES,CN=PUBLIC KEY SERVICES,CN=SERVICES,CN=CONFIGURATION,DC=CODER,DC=HTB","domainsid":"S-1-5-21-2608251805-3526430372-1546376444","doesanyacegrantownerrights":false,"doesanyinheritedacegrantownerrights":false,"isaclprotected":false,"whencreated":1656475304,"flags":"SUPPORTS_NT_AUTHENTICATION, CA_SERVERTYPE_ADVANCED","caname":"coder-DC01-CA","dnshostname":"dc01.coder.htb","certthumbprint":"DB13E610D65712FE65E6B9BE612A3ADAD689525B","certname":"DB13E610D65712FE65E6B9BE612A3ADAD689525B","certchain":["DB13E610D65712FE65E6B9BE612A3ADAD689525B"],"hasbasicconstraints":false,"basicconstraintpathlength":0,"unresolvedpublishedtemplates":[],"casecuritycollected":true,"enrollmentagentrestrictionscollected":true,"isuserspecifiessanenabledcollected":true,"roleseparationenabledcollected":true},"HostingComputer":"S-1-5-21-2608251805-3526430372-1546376444-1000","CARegistryData":{"CASecurity":{"Data":[{"PrincipalSID":"CODER.HTB-S-1-5-32-544","PrincipalType":"Group","RightName":"Owns","IsInherited":false,"InheritanceHash":null},{"PrincipalSID":"CODER.HTB-S-1-5-11","PrincipalType":"Group","RightName":"Enroll","IsInherited":false,"InheritanceHash":null},{"PrincipalSID":"CODER.HTB-S-1-5-32-544","PrincipalType":"Group","RightName":"ManageCA","IsInherited":false,"InheritanceHash":null},{"PrincipalSID":"CODER.HTB-S-1-5-32-544","PrincipalType":"Group","RightName":"ManageCertificates","IsInherited":false,"InheritanceHash":null},{"PrincipalSID":"S-1-5-21-2608251805-3526430372-1546376444-512","PrincipalType":"Group","RightName":"ManageCA","IsInherited":false,"InheritanceHash":null},{"PrincipalSID":"S-1-5-21-2608251805-3526430372-1546376444-512","PrincipalType":"Group","RightName":"ManageCertificates","IsInherited":false,"InheritanceHash":null},{"PrincipalSID":"S-1-5-21-2608251805-3526430372-1546376444-519","PrincipalType":"Group","RightName":"ManageCA","IsInherited":false,"InheritanceHash":null},{"PrincipalSID":"S-1-5-21-2608251805-3526430372-1546376444-519","PrincipalType":"Group","RightName":"ManageCertificates","IsInherited":false,"InheritanceHash":null}],"Collected":true,"FailureReason":null},"EnrollmentAgentRestrictions":{"Restrictions":[],"Collected":true,"FailureReason":null},"IsUserSpecifiesSanEnabled":{"Value":false,"Collected":true,"FailureReason":null},"RoleSeparationEnabled":{"Value":false,"Collected":true,"FailureReason":null}},"EnabledCertTemplates":[{"ObjectIdentifier":"9ADBDA26-BD0F-41D3-9BD6-14622B9A24D8","ObjectType":"CertTemplate"},{"ObjectIdentifier":"F7F77AF2-1FF0-4247-947A-152DDF41DFBC","ObjectType":"CertTemplate"},{"ObjectIdentifier":"7B9E93B9-8307-4581-AB72-31A2AC05981E","ObjectType":"CertTemplate"},{"ObjectIdentifier":"5AF6E879-E218-4FFA-80BF-7762B2C5D340","ObjectType":"CertTemplate"},{"ObjectIdentifier":"ADF0266F-ED6C-4D76-BC40-610E3B4C035E","ObjectType":"CertTemplate"},{"ObjectIdentifier":"D5031ADA-CCA5-4747-BD32-AA701147EC71","ObjectType":"CertTemplate"},{"ObjectIdentifier":"4CD9243D-2234-4376-81C6-D5062954B48C","ObjectType":"CertTemplate"},{"ObjectIdentifier":"4C05FB84-FBE1-4C82-A7C1-031248EC7BC5","ObjectType":"CertTemplate"},{"ObjectIdentifier":"E88CADA4-C09D-4ECB-B517-F8981009D596","ObjectType":"CertTemplate"},{"ObjectIdentifier":"E31399F4-2962-4E2C-BA21-E626C89B3789","ObjectType":"CertTemplate"},{"ObjectIdentifier":"0835B13A-A6AF-4EF3-95F2-9DAF86C8A5F4","ObjectType":"CertTemplate"},{"ObjectIdentifier":"81A6CE0E-61FB-4327-8CE8-6BEFA68A9D48","ObjectType":"CertTemplate"}],"HttpEnrollmentEndpoints":[{"Result":null,"Collected":false,"FailureReason":"HttpRequestException occured checking NTLM accessibility for URL: http://dc01.coder.htb/certsrv/. Exception: Response status code does not indicate success: 404 (Not Found)."},{"Result":null,"Collected":false,"FailureReason":"HttpRequestException occured checking NTLM accessibility for URL: https://dc01.coder.htb/certsrv/. Exception: Response status code does not indicate success: 404 (Not Found)."},{"Result":null,"Collected":false,"FailureReason":"HttpRequestException occured checking NTLM accessibility for URL: http://dc01.coder.htb/coder-DC01-CA_CES_Kerberos/service.svc. Exception: Response status code does not indicate success: 404 (Not Found)."},{"Result":null,"Collected":false,"FailureReason":"HttpRequestException occured checking NTLM accessibility for URL: https://dc01.coder.htb/coder-DC01-CA_CES_Kerberos/service.svc. Exception: Response status code does not indicate success: 404 (Not Found)."}],"Aces":[{"PrincipalSID":"S-1-5-21-2608251805-3526430372-1546376444-519","PrincipalType":"Group","RightName":"Owns","IsInherited":false,"InheritanceHash":""},{"PrincipalSID":"S-1-5-21-2608251805-3526430372-1546376444-519","PrincipalType":"Group","RightName":"WriteDacl","IsInherited":false,"InheritanceHash":""},{"PrincipalSID":"S-1-5-21-2608251805-3526430372-1546376444-519","PrincipalType":"Group","RightName":"WriteOwner","IsInherited":false,"InheritanceHash":""},{"PrincipalSID":"S-1-5-21-2608251805-3526430372-1546376444-519","PrincipalType":"Group","RightName":"GenericWrite","IsInherited":false,"InheritanceHash":""},{"PrincipalSID":"S-1-5-21-2608251805-3526430372-1546376444-519","PrincipalType":"Group","RightName":"ManageCA","IsInherited":false,"InheritanceHash":""},{"PrincipalSID":"S-1-5-21-2608251805-3526430372-1546376444-519","PrincipalType":"Group","RightName":"ManageCertificates","IsInherited":false,"InheritanceHash":""},{"PrincipalSID":"S-1-5-21-2608251805-3526430372-1546376444-1000","PrincipalType":"Computer","RightName":"WriteDacl","IsInherited":false,"InheritanceHash":""},{"PrincipalSID":"S-1-5-21-2608251805-3526430372-1546376444-1000","PrincipalType":"Computer","RightName":"WriteOwner","IsInherited":false,"InheritanceHash":""},{"PrincipalSID":"S-1-5-21-2608251805-3526430372-1546376444-1000","PrincipalType":"Computer","RightName":"GenericWrite","IsInherited":false,"InheritanceHash":""},{"PrincipalSID":"S-1-5-21-2608251805-3526430372-1546376444-1000","PrincipalType":"Computer","RightName":"ManageCA","IsInherited":false,"InheritanceHash":""},{"PrincipalSID":"S-1-5-21-2608251805-3526430372-1546376444-1000","PrincipalType":"Computer","RightName":"ManageCertificates","IsInherited":false,"InheritanceHash":""},{"PrincipalSID":"S-1-5-21-2608251805-3526430372-1546376444-2101","PrincipalType":"Group","RightName":"GenericWrite","IsInherited":false,"InheritanceHash":""},{"PrincipalSID":"CODER.HTB-S-1-5-11","PrincipalType":"Group","RightName":"Enroll","IsInherited":false,"InheritanceHash":""},{"PrincipalSID":"S-1-5-21-2608251805-3526430372-1546376444-519","PrincipalType":"Group","RightName":"GenericAll","IsInherited":true,"InheritanceHash":"2FEB70C77C3DAD38940BCED1ED17383B13A6B43B"},{"PrincipalSID":"S-1-5-21-2608251805-3526430372-1546376444-512","PrincipalType":"Group","RightName":"WriteDacl","IsInherited":true,"InheritanceHash":"DB98F8D2CF6010CDF3A60C95E02F6AA9D996656F"},{"PrincipalSID":"S-1-5-21-2608251805-3526430372-1546376444-512","PrincipalType":"Group","RightName":"WriteOwner","IsInherited":true,"InheritanceHash":"DB98F8D2CF6010CDF3A60C95E02F6AA9D996656F"},{"PrincipalSID":"S-1-5-21-2608251805-3526430372-1546376444-512","PrincipalType":"Group","RightName":"GenericWrite","IsInherited":true,"InheritanceHash":"DB98F8D2CF6010CDF3A60C95E02F6AA9D996656F"},{"PrincipalSID":"S-1-5-21-2608251805-3526430372-1546376444-512","PrincipalType":"Group","RightName":"ManageCA","IsInherited":true,"InheritanceHash":"DB98F8D2CF6010CDF3A60C95E02F6AA9D996656F"}],"ObjectIdentifier":"6155CECC-E2BC-43D1-A046-118C4591A132","IsDeleted":false,"IsACLProtected":false,"ContainedBy":{"ObjectIdentifier":"0D45D3F3-450F-4ABF-BE85-2A9F54F9684A","ObjectType":"Container"}}],"meta":{"methods":15725567,"type":"enterprisecas","count":1,"version":6,"collectorversion":"2.6.6.0"}}