{"data":[{"Properties":{"domain":"CODER.HTB","name":"NTAUTHCERTIFICATES@CODER.HTB","distinguishedname":"CN=NTAUTHCERTIFICATES,CN=PUBLIC KEY SERVICES,CN=SERVICES,CN=CONFIGURATION,DC=CODER,DC=HTB","domainsid":"S-1-5-21-2608251805-3526430372-1546376444","doesanyacegrantownerrights":false,"doesanyinheritedacegrantownerrights":false,"isaclprotected":false,"certthumbprints":["DB13E610D65712FE65E6B9BE612A3ADAD689525B"],"whencreated":1656475304},"DomainSID":"S-1-5-21-2608251805-3526430372-1546376444","Aces":[{"PrincipalSID":"S-1-5-21-2608251805-3526430372-1546376444-519","PrincipalType":"Group","RightName":"Owns","IsInherited":false,"InheritanceHash":""},{"PrincipalSID":"CODER.HTB-S-1-5-32-544","PrincipalType":"Group","RightName":"GenericAll","IsInherited":false,"InheritanceHash":""},{"PrincipalSID":"S-1-5-21-2608251805-3526430372-1546376444-512","PrincipalType":"Group","RightName":"GenericAll","IsInherited":false,"InheritanceHash":""},{"PrincipalSID":"S-1-5-21-2608251805-3526430372-1546376444-519","PrincipalType":"Group","RightName":"GenericAll","IsInherited":false,"InheritanceHash":""},{"PrincipalSID":"S-1-5-21-2608251805-3526430372-1546376444-519","PrincipalType":"Group","RightName":"GenericAll","IsInherited":true,"InheritanceHash":"2FEB70C77C3DAD38940BCED1ED17383B13A6B43B"},{"PrincipalSID":"S-1-5-21-2608251805-3526430372-1546376444-512","PrincipalType":"Group","RightName":"WriteDacl","IsInherited":true,"InheritanceHash":"DB98F8D2CF6010CDF3A60C95E02F6AA9D996656F"},{"PrincipalSID":"S-1-5-21-2608251805-3526430372-1546376444-512","PrincipalType":"Group","RightName":"WriteOwner","IsInherited":true,"InheritanceHash":"DB98F8D2CF6010CDF3A60C95E02F6AA9D996656F"},{"PrincipalSID":"S-1-5-21-2608251805-3526430372-1546376444-512","PrincipalType":"Group","RightName":"GenericWrite","IsInherited":true,"InheritanceHash":"DB98F8D2CF6010CDF3A60C95E02F6AA9D996656F"}],"ObjectIdentifier":"942056F6-B0B8-4AA7-A885-C78AA7AD764E","IsDeleted":false,"IsACLProtected":false,"ContainedBy":{"ObjectIdentifier":"98C02BFD-7E78-4916-BB36-9B8B0035C72C","ObjectType":"Container"}}],"meta":{"methods":15725567,"type":"ntauthstores","count":1,"version":6,"collectorversion":"2.6.6.0"}}