{"data":[{"Properties":{"domain":"CODER.HTB","name":"DC01.CODER.HTB","distinguishedname":"CN=DC01,OU=DOMAIN CONTROLLERS,DC=CODER,DC=HTB","domainsid":"S-1-5-21-2608251805-3526430372-1546376444","samaccountname":"DC01$","haslaps":false,"doesanyacegrantownerrights":false,"doesanyinheritedacegrantownerrights":false,"isaclprotected":false,"whencreated":1656474671,"enabled":true,"unconstraineddelegation":true,"trustedtoauth":false,"isdc":true,"encryptedtextpwdallowed":false,"usedeskeyonly":false,"logonscriptenabled":false,"lockedout":false,"passwordexpired":false,"supportedencryptiontypes":["RC4-HMAC-MD5","AES128-CTS-HMAC-SHA1-96","AES256-CTS-HMAC-SHA1-96"],"lastlogon":1747896757,"lastlogontimestamp":1747896739,"pwdlastset":1676509904,"serviceprincipalnames":["Dfsr-12F9A27C-BF97-4787-9364-D31B6C55EB04/dc01.coder.htb","ldap/dc01.coder.htb/ForestDnsZones.coder.htb","ldap/dc01.coder.htb/DomainDnsZones.coder.htb","DNS/dc01.coder.htb","GC/dc01.coder.htb/coder.htb","RestrictedKrbHost/dc01.coder.htb","RestrictedKrbHost/DC01","RPC/b6037251-4a58-4cfa-ab75-93c4c408f079._msdcs.coder.htb","HOST/DC01/CODER","HOST/dc01.coder.htb/CODER","HOST/DC01","HOST/dc01.coder.htb","HOST/dc01.coder.htb/coder.htb","E3514235-4B06-11D1-AB04-00C04FC2DCD2/b6037251-4a58-4cfa-ab75-93c4c408f079/coder.htb","ldap/DC01/CODER","ldap/b6037251-4a58-4cfa-ab75-93c4c408f079._msdcs.coder.htb","ldap/dc01.coder.htb/CODER","ldap/DC01","ldap/dc01.coder.htb","ldap/dc01.coder.htb/coder.htb"],"email":null,"useraccountcontrol":532480,"operatingsystem":"Windows Server 2019 Standard","sidhistory":[],"ldapavailable":true,"ldapsavailable":true,"ldapsepa":true,"ldapsigning":true},"PrimaryGroupSID":"S-1-5-21-2608251805-3526430372-1546376444-516","AllowedToDelegate":[],"AllowedToAct":[],"HasSIDHistory":[],"DumpSMSAPassword":[],"Sessions":{"Results":[],"Collected":false,"FailureReason":"ErrorAccessDenied"},"PrivilegedSessions":{"Results":[],"Collected":false,"FailureReason":"ErrorAccessDenied"},"RegistrySessions":{"Results":[{"UserSID":"S-1-5-21-2608251805-3526430372-1546376444-1106","ComputerSID":"S-1-5-21-2608251805-3526430372-1546376444-1000"},{"UserSID":"S-1-5-21-2608251805-3526430372-1546376444-5101","ComputerSID":"S-1-5-21-2608251805-3526430372-1546376444-1000"}],"Collected":true,"FailureReason":null},"LocalGroups":[{"ObjectIdentifier":"CODER.HTB-S-1-5-32-549","Name":"IGNOREME","Results":[],"LocalNames":[],"Collected":true,"FailureReason":null},{"ObjectIdentifier":"CODER.HTB-S-1-5-32-548","Name":"IGNOREME","Results":[],"LocalNames":[],"Collected":true,"FailureReason":null},{"ObjectIdentifier":"CODER.HTB-S-1-5-32-554","Name":"IGNOREME","Results":[{"ObjectIdentifier":"CODER.HTB-S-1-5-11","ObjectType":"Group"},{"ObjectIdentifier":"S-1-5-21-2608251805-3526430372-1546376444-1000","ObjectType":"Computer"}],"LocalNames":[],"Collected":true,"FailureReason":null},{"ObjectIdentifier":"CODER.HTB-S-1-5-32-557","Name":"IGNOREME","Results":[],"LocalNames":[],"Collected":true,"FailureReason":null},{"ObjectIdentifier":"CODER.HTB-S-1-5-32-560","Name":"IGNOREME","Results":[{"ObjectIdentifier":"CODER.HTB-S-1-5-9","ObjectType":"Group"}],"LocalNames":[],"Collected":true,"FailureReason":null},{"ObjectIdentifier":"CODER.HTB-S-1-5-32-561","Name":"IGNOREME","Results":[],"LocalNames":[],"Collected":true,"FailureReason":null},{"ObjectIdentifier":"CODER.HTB-S-1-5-32-544","Name":"IGNOREME","Results":[{"ObjectIdentifier":"S-1-5-21-2608251805-3526430372-1546376444-500","ObjectType":"User"},{"ObjectIdentifier":"S-1-5-21-2608251805-3526430372-1546376444-519","ObjectType":"Group"},{"ObjectIdentifier":"S-1-5-21-2608251805-3526430372-1546376444-512","ObjectType":"Group"}],"LocalNames":[],"Collected":true,"FailureReason":null},{"ObjectIdentifier":"CODER.HTB-S-1-5-32-545","Name":"IGNOREME","Results":[{"ObjectIdentifier":"CODER.HTB-S-1-5-11","ObjectType":"Group"},{"ObjectIdentifier":"S-1-5-21-2608251805-3526430372-1546376444-513","ObjectType":"Group"}],"LocalNames":[],"Collected":true,"FailureReason":null},{"ObjectIdentifier":"CODER.HTB-S-1-5-32-546","Name":"IGNOREME","Results":[{"ObjectIdentifier":"S-1-5-21-2608251805-3526430372-1546376444-501","ObjectType":"User"},{"ObjectIdentifier":"S-1-5-21-2608251805-3526430372-1546376444-514","ObjectType":"Group"}],"LocalNames":[],"Collected":true,"FailureReason":null},{"ObjectIdentifier":"CODER.HTB-S-1-5-32-550","Name":"IGNOREME","Results":[],"LocalNames":[],"Collected":true,"FailureReason":null},{"ObjectIdentifier":"CODER.HTB-S-1-5-32-551","Name":"IGNOREME","Results":[],"LocalNames":[],"Collected":true,"FailureReason":null},{"ObjectIdentifier":"CODER.HTB-S-1-5-32-552","Name":"IGNOREME","Results":[],"LocalNames":[],"Collected":true,"FailureReason":null},{"ObjectIdentifier":"CODER.HTB-S-1-5-32-555","Name":"IGNOREME","Results":[],"LocalNames":[],"Collected":true,"FailureReason":null},{"ObjectIdentifier":"CODER.HTB-S-1-5-32-556","Name":"IGNOREME","Results":[],"LocalNames":[],"Collected":true,"FailureReason":null},{"ObjectIdentifier":"CODER.HTB-S-1-5-32-558","Name":"IGNOREME","Results":[],"LocalNames":[],"Collected":true,"FailureReason":null},{"ObjectIdentifier":"CODER.HTB-S-1-5-32-559","Name":"IGNOREME","Results":[],"LocalNames":[],"Collected":true,"FailureReason":null},{"ObjectIdentifier":"CODER.HTB-S-1-5-32-562","Name":"IGNOREME","Results":[],"LocalNames":[],"Collected":true,"FailureReason":null},{"ObjectIdentifier":"CODER.HTB-S-1-5-32-568","Name":"IGNOREME","Results":[],"LocalNames":[],"Collected":true,"FailureReason":null},{"ObjectIdentifier":"CODER.HTB-S-1-5-32-569","Name":"IGNOREME","Results":[],"LocalNames":[],"Collected":true,"FailureReason":null},{"ObjectIdentifier":"CODER.HTB-S-1-5-32-573","Name":"IGNOREME","Results":[],"LocalNames":[],"Collected":true,"FailureReason":null},{"ObjectIdentifier":"CODER.HTB-S-1-5-32-574","Name":"IGNOREME","Results":[{"ObjectIdentifier":"CODER.HTB-S-1-5-11","ObjectType":"Group"}],"LocalNames":[],"Collected":true,"FailureReason":null},{"ObjectIdentifier":"CODER.HTB-S-1-5-32-575","Name":"IGNOREME","Results":[],"LocalNames":[],"Collected":true,"FailureReason":null},{"ObjectIdentifier":"CODER.HTB-S-1-5-32-576","Name":"IGNOREME","Results":[],"LocalNames":[],"Collected":true,"FailureReason":null},{"ObjectIdentifier":"CODER.HTB-S-1-5-32-577","Name":"IGNOREME","Results":[],"LocalNames":[],"Collected":true,"FailureReason":null},{"ObjectIdentifier":"CODER.HTB-S-1-5-32-578","Name":"IGNOREME","Results":[],"LocalNames":[],"Collected":true,"FailureReason":null},{"ObjectIdentifier":"CODER.HTB-S-1-5-32-579","Name":"IGNOREME","Results":[],"LocalNames":[],"Collected":true,"FailureReason":null},{"ObjectIdentifier":"CODER.HTB-S-1-5-32-580","Name":"IGNOREME","Results":[{"ObjectIdentifier":"S-1-5-21-2608251805-3526430372-1546376444-1106","ObjectType":"User"}],"LocalNames":[],"Collected":true,"FailureReason":null},{"ObjectIdentifier":"CODER.HTB-S-1-5-32-582","Name":"IGNOREME","Results":[],"LocalNames":[],"Collected":true,"FailureReason":null}],"UserRights":[{"Privilege":"SeRemoteInteractiveLogonRight","Results":[],"LocalNames":[],"Collected":false,"FailureReason":"LSAEnumerateAccountsWithUserRights returned StatusAccessDenied"}],"DCRegistryData":{"CertificateMappingMethods":{"Value":0,"Collected":false,"FailureReason":"User does not have the proper permissions to perform this operation"},"StrongCertificateBindingEnforcement":{"Value":0,"Collected":false,"FailureReason":"User does not have the proper permissions to perform this operation"}},"Status":null,"IsDC":true,"UnconstrainedDelegation":true,"DomainSID":"S-1-5-21-2608251805-3526430372-1546376444","IsWebClientRunning":{"Result":false,"Collected":true,"FailureReason":null},"SmbInfo":{"Result":{"SigningEnabled":true},"Collected":true,"FailureReason":null},"NtlmSessions":null,"NTLMRegistryData":{"Result":{"RestrictSendingNtlmTraffic":null,"RestrictReceivingNtlmTraffic":null,"NtlmMinServerSec":536870912,"NtlmMinClientSec":536870912,"LmCompatibilityLevel":null,"UseMachineId":null,"RequireSecuritySignature":1,"EnableSecuritySignature":1,"ClientAllowedNTLMServers":null},"Collected":true,"FailureReason":null},"Aces":[{"PrincipalSID":"S-1-5-21-2608251805-3526430372-1546376444-512","PrincipalType":"Group","RightName":"Owns","IsInherited":false,"InheritanceHash":""},{"PrincipalSID":"S-1-5-21-2608251805-3526430372-1546376444-512","PrincipalType":"Group","RightName":"GenericAll","IsInherited":false,"InheritanceHash":""},{"PrincipalSID":"S-1-5-21-2608251805-3526430372-1546376444-512","PrincipalType":"Group","RightName":"WriteAccountRestrictions","IsInherited":false,"InheritanceHash":""},{"PrincipalSID":"S-1-5-21-2608251805-3526430372-1546376444-526","PrincipalType":"Group","RightName":"AddKeyCredentialLink","IsInherited":true,"InheritanceHash":"62BF72BF7BD0E64836E1A33CF75DE69CB906AC91"},{"PrincipalSID":"S-1-5-21-2608251805-3526430372-1546376444-527","PrincipalType":"Group","RightName":"AddKeyCredentialLink","IsInherited":true,"InheritanceHash":"792CA9DE3FE5145DDFFC471F5D71AE0D39458B8B"},{"PrincipalSID":"S-1-5-21-2608251805-3526430372-1546376444-519","PrincipalType":"Group","RightName":"GenericAll","IsInherited":true,"InheritanceHash":"2FEB70C77C3DAD38940BCED1ED17383B13A6B43B"},{"PrincipalSID":"CODER.HTB-S-1-5-32-544","PrincipalType":"Group","RightName":"WriteDacl","IsInherited":true,"InheritanceHash":"62C26D4FB3FF64505B03CDD35D648DFBC6C157CC"},{"PrincipalSID":"CODER.HTB-S-1-5-32-544","PrincipalType":"Group","RightName":"WriteOwner","IsInherited":true,"InheritanceHash":"62C26D4FB3FF64505B03CDD35D648DFBC6C157CC"},{"PrincipalSID":"CODER.HTB-S-1-5-32-544","PrincipalType":"Group","RightName":"GenericWrite","IsInherited":true,"InheritanceHash":"62C26D4FB3FF64505B03CDD35D648DFBC6C157CC"}],"ObjectIdentifier":"S-1-5-21-2608251805-3526430372-1546376444-1000","IsDeleted":false,"IsACLProtected":false,"ContainedBy":{"ObjectIdentifier":"46663225-A35C-4B61-B140-5220DBE9DA73","ObjectType":"OU"}}],"meta":{"methods":15725567,"type":"computers","count":1,"version":6,"collectorversion":"2.6.6.0"}}